feature_name,source
product_title,Original product information
product_id,Original product information
handle,Original product information
custom_migueldimensoes,Other/Unknown
custom_miguelmetaobject,Other/Unknown
custom_miguelwieght,Other/Unknown
custom_testesolo,Other/Unknown
custom_product_video,Other/Unknown
metafield_shopify--discovery--product_recommendation_related_products_display_only_manual,TF-IDF from product metafields
metafield_shopify--discovery--product_recommendation_related_products_display_ahead,TF-IDF from product metafields
metafield_custom_promotion_promotion_text,TF-IDF from product metafields
metafield_custom_richtext_nao_percebo_nada_disto_dadadad,TF-IDF from product metafields
metafield_shopify_fabric__main_fabric_93_polyester_pl_7,TF-IDF from product metafields
metafield_custom_care_instructions_dadas,TF-IDF from product metafields
metafield_custom_miguellistametaobjects_short_sleeveless,TF-IDF from product metafields
metafield_custom_migueltestecatogory_elastic_waistband_flattering_s,TF-IDF from product metafields
product_type_,Product type dummy variable
product_type_robe,Product type dummy variable
product_type_scrunchie,Product type dummy variable
product_type_shorts,Product type dummy variable
product_type_slipsilk,Product type dummy variable
product_type_top,Product type dummy variable
product_type_trousers,Product type dummy variable
tag_Drop1,Tag dummy variable
tag_drop2,Tag dummy variable
tag_drop3,Tag dummy variable
tag_drop4,Tag dummy variable
tag_hoodie_conj,Tag dummy variable
tag_satin_shirt,Tag dummy variable
tag_satin_trousers,Tag dummy variable
tag_sweatpants_conj,Tag dummy variable
tag_sweatshirt_conj,Tag dummy variable
collections_Accessories,Collection dummy variable
collections_Activewear,Collection dummy variable
collections_Activewear (Drop),Collection dummy variable
collections_All Products - NAPPSGiftRewards (DO NOT DELETE),Collection dummy variable
collections_Arpoador Showcase 5,Collection dummy variable
collections_Beach video lookbook,Collection dummy variable
collections_Carioca ShowCase 2,Collection dummy variable
collections_Copacabana ShowCase 1,Collection dummy variable
collections_Easywear,Collection dummy variable
collections_Garatucaia ShowCase 4,Collection dummy variable
collections_Guariba Showcase 3,Collection dummy variable
collections_Lingerie,Collection dummy variable
collections_Loungewear,Collection dummy variable
collections_Push random bikinis,Collection dummy variable
collections_Sleepwear,Collection dummy variable
collections_Special Prices,Collection dummy variable
collections_Swimwear,Collection dummy variable
collections_Tijuca ShowCase 1,Collection dummy variable
collections_Tracksuits,Collection dummy variable
collections_tudo,Collection dummy variable
collections_üáßüá∑ Rio Janeiro 24 | Drop I,Collection dummy variable
collections_üáßüá∑ Rio Janeiro 24 | Drop II,Collection dummy variable
collections_üáßüá∑ Rio Janeiro 24 | Drop III,Collection dummy variable
collections_üáßüá∑ Rio Janeiro 24 | Drop IV,Collection dummy variable
vendor_Missus,Vendor dummy variable
vendor_NAPPS DEMO STORE,Vendor dummy variable
vendor_missusstore,Vendor dummy variable
min_price,Other/Unknown
max_price,Other/Unknown
has_discount,Other/Unknown
variant_size_L,Variant option dummy variable
variant_size_M,Variant option dummy variable
variant_size_S,Variant option dummy variable
variant_color_AZUL CLARO,Variant option dummy variable
variant_color_BORDEAUX / L,Variant option dummy variable
variant_color_BORDEAUX / M,Variant option dummy variable
variant_color_BRANCO SUJO,Variant option dummy variable
variant_color_Black,Variant option dummy variable
variant_color_Blue,Variant option dummy variable
variant_color_Brown,Variant option dummy variable
variant_color_CASTANHO,Variant option dummy variable
variant_color_CHAMPAGNE,Variant option dummy variable
variant_color_CINZA,Variant option dummy variable
variant_color_CINZA CLARO,Variant option dummy variable
variant_color_DARK GREY,Variant option dummy variable
variant_color_Green,Variant option dummy variable
variant_color_Mint,Variant option dummy variable
variant_color_Off-white,Variant option dummy variable
variant_color_PRETO,Variant option dummy variable
variant_color_PRETO / L,Variant option dummy variable
variant_color_PRETO / M,Variant option dummy variable
variant_color_PRETO / S,Variant option dummy variable
variant_color_RED,Variant option dummy variable
variant_color_ROSA,Variant option dummy variable
variant_color_TAUPE,Variant option dummy variable
variant_color_Taupe,Variant option dummy variable
variant_color_VERDE MENTA,Variant option dummy variable
variant_color_VERDE SECO,Variant option dummy variable
variant_color_Warm-beige,Variant option dummy variable
variant_color_White,Variant option dummy variable
variant_other_amari s1 (out of stock) (tamanho cueca):l / l,Variant option dummy variable
variant_other_amari s1 (out of stock) (tamanho cueca):l / m,Variant option dummy variable
variant_other_amari s1 (out of stock) (tamanho cueca):l / s,Variant option dummy variable
variant_other_amari s1 (out of stock) (tamanho cueca):m / l,Variant option dummy variable
variant_other_amari s1 (out of stock) (tamanho cueca):m / m,Variant option dummy variable
variant_other_amari s1 (out of stock) (tamanho cueca):m / s,Variant option dummy variable
variant_other_amari s1 (out of stock) (tamanho cueca):s / l,Variant option dummy variable
variant_other_amari s1 (out of stock) (tamanho cueca):s / m,Variant option dummy variable
variant_other_amari s1 (out of stock) (tamanho cueca):s / s,Variant option dummy variable
variant_other_amari s1 (out of stock) (tamanho top):l / l,Variant option dummy variable
variant_other_amari s1 (out of stock) (tamanho top):l / m,Variant option dummy variable
variant_other_amari s1 (out of stock) (tamanho top):l / s,Variant option dummy variable
variant_other_amari s1 (out of stock) (tamanho top):m / l,Variant option dummy variable
variant_other_amari s1 (out of stock) (tamanho top):m / m,Variant option dummy variable
variant_other_amari s1 (out of stock) (tamanho top):m / s,Variant option dummy variable
variant_other_amari s1 (out of stock) (tamanho top):s / l,Variant option dummy variable
variant_other_amari s1 (out of stock) (tamanho top):s / m,Variant option dummy variable
variant_other_amari s1 (out of stock) (tamanho top):s / s,Variant option dummy variable
variant_other_formato cueca:L / L / Regular,Variant option dummy variable
variant_other_formato cueca:L / L / Tanga,Variant option dummy variable
variant_other_formato cueca:L / M / Regular,Variant option dummy variable
variant_other_formato cueca:L / M / Tanga,Variant option dummy variable
variant_other_formato cueca:L / S / Regular,Variant option dummy variable
variant_other_formato cueca:L / S / Tanga,Variant option dummy variable
variant_other_formato cueca:L / XL / Regular,Variant option dummy variable
variant_other_formato cueca:L / XL / Tanga,Variant option dummy variable
variant_other_formato cueca:L / XS / Regular,Variant option dummy variable
variant_other_formato cueca:L / XS / Tanga,Variant option dummy variable
variant_other_formato cueca:M / L / Regular,Variant option dummy variable
variant_other_formato cueca:M / L / Tanga,Variant option dummy variable
variant_other_formato cueca:M / M / Regular,Variant option dummy variable
variant_other_formato cueca:M / M / Tanga,Variant option dummy variable
variant_other_formato cueca:M / S / Regular,Variant option dummy variable
variant_other_formato cueca:M / S / Tanga,Variant option dummy variable
variant_other_formato cueca:M / XL / Regular,Variant option dummy variable
variant_other_formato cueca:M / XL / Tanga,Variant option dummy variable
variant_other_formato cueca:M / XS / Regular,Variant option dummy variable
variant_other_formato cueca:M / XS / Tanga,Variant option dummy variable
variant_other_formato cueca:S / L / Regular,Variant option dummy variable
variant_other_formato cueca:S / L / Tanga,Variant option dummy variable
variant_other_formato cueca:S / M / Regular,Variant option dummy variable
variant_other_formato cueca:S / M / Tanga,Variant option dummy variable
variant_other_formato cueca:S / S / Regular,Variant option dummy variable
variant_other_formato cueca:S / S / Tanga,Variant option dummy variable
variant_other_formato cueca:S / XL / Regular,Variant option dummy variable
variant_other_formato cueca:S / XL / Tanga,Variant option dummy variable
variant_other_formato cueca:S / XS / Regular,Variant option dummy variable
variant_other_formato cueca:S / XS / Tanga,Variant option dummy variable
variant_other_formato cueca:XL / L / Regular,Variant option dummy variable
variant_other_formato cueca:XL / L / Tanga,Variant option dummy variable
variant_other_formato cueca:XL / M / Regular,Variant option dummy variable
variant_other_formato cueca:XL / M / Tanga,Variant option dummy variable
variant_other_formato cueca:XL / S / Regular,Variant option dummy variable
variant_other_formato cueca:XL / S / Tanga,Variant option dummy variable
variant_other_formato cueca:XL / XL / Regular,Variant option dummy variable
variant_other_formato cueca:XL / XL / Tanga,Variant option dummy variable
variant_other_formato cueca:XL / XS / Regular,Variant option dummy variable
variant_other_formato cueca:XL / XS / Tanga,Variant option dummy variable
variant_other_formato cueca:XS / L / Regular,Variant option dummy variable
variant_other_formato cueca:XS / L / Tanga,Variant option dummy variable
variant_other_formato cueca:XS / M / Regular,Variant option dummy variable
variant_other_formato cueca:XS / M / Tanga,Variant option dummy variable
variant_other_formato cueca:XS / S / Regular,Variant option dummy variable
variant_other_formato cueca:XS / S / Tanga,Variant option dummy variable
variant_other_formato cueca:XS / XL / Regular,Variant option dummy variable
variant_other_formato cueca:XS / XL / Tanga,Variant option dummy variable
variant_other_formato cueca:XS / XS / Regular,Variant option dummy variable
variant_other_formato cueca:XS / XS / Tanga,Variant option dummy variable
variant_other_padr√£o:BORDEAUX / L,Variant option dummy variable
variant_other_padr√£o:CINZA / L,Variant option dummy variable
variant_other_padr√£o:CINZA / M,Variant option dummy variable
variant_other_padr√£o:CINZA / S,Variant option dummy variable
variant_other_padr√£o:PRETO / L,Variant option dummy variable
variant_other_padr√£o:ROSA / L,Variant option dummy variable
variant_other_padr√£o:ROSA / M,Variant option dummy variable
variant_other_padr√£o:ROSA / S,Variant option dummy variable
variant_other_padr√£o:VICHY ROSA,Variant option dummy variable
variant_other_padr√£o:s2-preto,Variant option dummy variable
variant_other_padr√£o:s2-verde-esmeralda,Variant option dummy variable
variant_other_padr√£o:s3-branco,Variant option dummy variable
variant_other_padr√£o:s4-azul,Variant option dummy variable
variant_other_padr√£o:s5-cinza,Variant option dummy variable
variant_other_padr√£o:s6-preto,Variant option dummy variable
variant_other_padr√£o:s6-verde,Variant option dummy variable
variant_other_tamanho cueca:L / L,Variant option dummy variable
variant_other_tamanho cueca:L / L / Regular,Variant option dummy variable
variant_other_tamanho cueca:L / L / Tanga,Variant option dummy variable
variant_other_tamanho cueca:L / M,Variant option dummy variable
variant_other_tamanho cueca:L / M / Regular,Variant option dummy variable
variant_other_tamanho cueca:L / M / Tanga,Variant option dummy variable
variant_other_tamanho cueca:L / S,Variant option dummy variable
variant_other_tamanho cueca:L / S / Regular,Variant option dummy variable
variant_other_tamanho cueca:L / S / Tanga,Variant option dummy variable
variant_other_tamanho cueca:L / XL,Variant option dummy variable
variant_other_tamanho cueca:L / XL / Regular,Variant option dummy variable
variant_other_tamanho cueca:L / XL / Tanga,Variant option dummy variable
variant_other_tamanho cueca:L / XS,Variant option dummy variable
variant_other_tamanho cueca:L / XS / Regular,Variant option dummy variable
variant_other_tamanho cueca:L / XS / Tanga,Variant option dummy variable
variant_other_tamanho cueca:M / L,Variant option dummy variable
variant_other_tamanho cueca:M / L / Regular,Variant option dummy variable
variant_other_tamanho cueca:M / L / Tanga,Variant option dummy variable
variant_other_tamanho cueca:M / M,Variant option dummy variable
variant_other_tamanho cueca:M / M / Regular,Variant option dummy variable
variant_other_tamanho cueca:M / M / Tanga,Variant option dummy variable
variant_other_tamanho cueca:M / S,Variant option dummy variable
variant_other_tamanho cueca:M / S / Regular,Variant option dummy variable
variant_other_tamanho cueca:M / S / Tanga,Variant option dummy variable
variant_other_tamanho cueca:M / XL,Variant option dummy variable
variant_other_tamanho cueca:M / XL / Regular,Variant option dummy variable
variant_other_tamanho cueca:M / XL / Tanga,Variant option dummy variable
variant_other_tamanho cueca:M / XS,Variant option dummy variable
variant_other_tamanho cueca:M / XS / Regular,Variant option dummy variable
variant_other_tamanho cueca:M / XS / Tanga,Variant option dummy variable
variant_other_tamanho cueca:S / L,Variant option dummy variable
variant_other_tamanho cueca:S / L / Regular,Variant option dummy variable
variant_other_tamanho cueca:S / L / Tanga,Variant option dummy variable
variant_other_tamanho cueca:S / M,Variant option dummy variable
variant_other_tamanho cueca:S / M / Regular,Variant option dummy variable
variant_other_tamanho cueca:S / M / Tanga,Variant option dummy variable
variant_other_tamanho cueca:S / S,Variant option dummy variable
variant_other_tamanho cueca:S / S / Regular,Variant option dummy variable
variant_other_tamanho cueca:S / S / Tanga,Variant option dummy variable
variant_other_tamanho cueca:S / XL,Variant option dummy variable
variant_other_tamanho cueca:S / XL / Regular,Variant option dummy variable
variant_other_tamanho cueca:S / XL / Tanga,Variant option dummy variable
variant_other_tamanho cueca:S / XS,Variant option dummy variable
variant_other_tamanho cueca:S / XS / Regular,Variant option dummy variable
variant_other_tamanho cueca:S / XS / Tanga,Variant option dummy variable
variant_other_tamanho cueca:XL / L,Variant option dummy variable
variant_other_tamanho cueca:XL / L / Regular,Variant option dummy variable
variant_other_tamanho cueca:XL / L / Tanga,Variant option dummy variable
variant_other_tamanho cueca:XL / M,Variant option dummy variable
variant_other_tamanho cueca:XL / M / Regular,Variant option dummy variable
variant_other_tamanho cueca:XL / M / Tanga,Variant option dummy variable
variant_other_tamanho cueca:XL / S,Variant option dummy variable
variant_other_tamanho cueca:XL / S / Regular,Variant option dummy variable
variant_other_tamanho cueca:XL / S / Tanga,Variant option dummy variable
variant_other_tamanho cueca:XL / XL,Variant option dummy variable
variant_other_tamanho cueca:XL / XL / Regular,Variant option dummy variable
variant_other_tamanho cueca:XL / XL / Tanga,Variant option dummy variable
variant_other_tamanho cueca:XL / XS,Variant option dummy variable
variant_other_tamanho cueca:XL / XS / Regular,Variant option dummy variable
variant_other_tamanho cueca:XL / XS / Tanga,Variant option dummy variable
variant_other_tamanho cueca:XS / L,Variant option dummy variable
variant_other_tamanho cueca:XS / L / Regular,Variant option dummy variable
variant_other_tamanho cueca:XS / L / Tanga,Variant option dummy variable
variant_other_tamanho cueca:XS / M,Variant option dummy variable
variant_other_tamanho cueca:XS / M / Regular,Variant option dummy variable
variant_other_tamanho cueca:XS / M / Tanga,Variant option dummy variable
variant_other_tamanho cueca:XS / S,Variant option dummy variable
variant_other_tamanho cueca:XS / S / Regular,Variant option dummy variable
variant_other_tamanho cueca:XS / S / Tanga,Variant option dummy variable
variant_other_tamanho cueca:XS / XL,Variant option dummy variable
variant_other_tamanho cueca:XS / XL / Regular,Variant option dummy variable
variant_other_tamanho cueca:XS / XL / Tanga,Variant option dummy variable
variant_other_tamanho cueca:XS / XS,Variant option dummy variable
variant_other_tamanho cueca:XS / XS / Regular,Variant option dummy variable
variant_other_tamanho cueca:XS / XS / Tanga,Variant option dummy variable
variant_other_tamanho top:L / L,Variant option dummy variable
variant_other_tamanho top:L / L / Regular,Variant option dummy variable
variant_other_tamanho top:L / L / Tanga,Variant option dummy variable
variant_other_tamanho top:L / M,Variant option dummy variable
variant_other_tamanho top:L / M / Regular,Variant option dummy variable
variant_other_tamanho top:L / M / Tanga,Variant option dummy variable
variant_other_tamanho top:L / S,Variant option dummy variable
variant_other_tamanho top:L / S / Regular,Variant option dummy variable
variant_other_tamanho top:L / S / Tanga,Variant option dummy variable
variant_other_tamanho top:L / XL,Variant option dummy variable
variant_other_tamanho top:L / XL / Regular,Variant option dummy variable
variant_other_tamanho top:L / XL / Tanga,Variant option dummy variable
variant_other_tamanho top:L / XS,Variant option dummy variable
variant_other_tamanho top:L / XS / Regular,Variant option dummy variable
variant_other_tamanho top:L / XS / Tanga,Variant option dummy variable
variant_other_tamanho top:M / L,Variant option dummy variable
variant_other_tamanho top:M / L / Regular,Variant option dummy variable
variant_other_tamanho top:M / L / Tanga,Variant option dummy variable
variant_other_tamanho top:M / M,Variant option dummy variable
variant_other_tamanho top:M / M / Regular,Variant option dummy variable
variant_other_tamanho top:M / M / Tanga,Variant option dummy variable
variant_other_tamanho top:M / S,Variant option dummy variable
variant_other_tamanho top:M / S / Regular,Variant option dummy variable
variant_other_tamanho top:M / S / Tanga,Variant option dummy variable
variant_other_tamanho top:M / XL,Variant option dummy variable
variant_other_tamanho top:M / XL / Regular,Variant option dummy variable
variant_other_tamanho top:M / XL / Tanga,Variant option dummy variable
variant_other_tamanho top:M / XS,Variant option dummy variable
variant_other_tamanho top:M / XS / Regular,Variant option dummy variable
variant_other_tamanho top:M / XS / Tanga,Variant option dummy variable
variant_other_tamanho top:S / L,Variant option dummy variable
variant_other_tamanho top:S / L / Regular,Variant option dummy variable
variant_other_tamanho top:S / L / Tanga,Variant option dummy variable
variant_other_tamanho top:S / M,Variant option dummy variable
variant_other_tamanho top:S / M / Regular,Variant option dummy variable
variant_other_tamanho top:S / M / Tanga,Variant option dummy variable
variant_other_tamanho top:S / S,Variant option dummy variable
variant_other_tamanho top:S / S / Regular,Variant option dummy variable
variant_other_tamanho top:S / S / Tanga,Variant option dummy variable
variant_other_tamanho top:S / XL,Variant option dummy variable
variant_other_tamanho top:S / XL / Regular,Variant option dummy variable
variant_other_tamanho top:S / XL / Tanga,Variant option dummy variable
variant_other_tamanho top:S / XS,Variant option dummy variable
variant_other_tamanho top:S / XS / Regular,Variant option dummy variable
variant_other_tamanho top:S / XS / Tanga,Variant option dummy variable
variant_other_tamanho top:XL / L,Variant option dummy variable
variant_other_tamanho top:XL / L / Regular,Variant option dummy variable
variant_other_tamanho top:XL / L / Tanga,Variant option dummy variable
variant_other_tamanho top:XL / M,Variant option dummy variable
variant_other_tamanho top:XL / M / Regular,Variant option dummy variable
variant_other_tamanho top:XL / M / Tanga,Variant option dummy variable
variant_other_tamanho top:XL / S,Variant option dummy variable
variant_other_tamanho top:XL / S / Regular,Variant option dummy variable
variant_other_tamanho top:XL / S / Tanga,Variant option dummy variable
variant_other_tamanho top:XL / XL,Variant option dummy variable
variant_other_tamanho top:XL / XL / Regular,Variant option dummy variable
variant_other_tamanho top:XL / XL / Tanga,Variant option dummy variable
variant_other_tamanho top:XL / XS,Variant option dummy variable
variant_other_tamanho top:XL / XS / Regular,Variant option dummy variable
variant_other_tamanho top:XL / XS / Tanga,Variant option dummy variable
variant_other_tamanho top:XS / L,Variant option dummy variable
variant_other_tamanho top:XS / L / Regular,Variant option dummy variable
variant_other_tamanho top:XS / L / Tanga,Variant option dummy variable
variant_other_tamanho top:XS / M,Variant option dummy variable
variant_other_tamanho top:XS / M / Regular,Variant option dummy variable
variant_other_tamanho top:XS / M / Tanga,Variant option dummy variable
variant_other_tamanho top:XS / S,Variant option dummy variable
variant_other_tamanho top:XS / S / Regular,Variant option dummy variable
variant_other_tamanho top:XS / S / Tanga,Variant option dummy variable
variant_other_tamanho top:XS / XL,Variant option dummy variable
variant_other_tamanho top:XS / XL / Regular,Variant option dummy variable
variant_other_tamanho top:XS / XL / Tanga,Variant option dummy variable
variant_other_tamanho top:XS / XS,Variant option dummy variable
variant_other_tamanho top:XS / XS / Regular,Variant option dummy variable
variant_other_tamanho top:XS / XS / Tanga,Variant option dummy variable
variant_other_tamanho:BORDEAUX / L,Variant option dummy variable
variant_other_tamanho:BORDEAUX / M,Variant option dummy variable
variant_other_tamanho:CINZA / L,Variant option dummy variable
variant_other_tamanho:CINZA / M,Variant option dummy variable
variant_other_tamanho:CINZA / S,Variant option dummy variable
variant_other_tamanho:L,Variant option dummy variable
variant_other_tamanho:M,Variant option dummy variable
variant_other_tamanho:M/L,Variant option dummy variable
variant_other_tamanho:PRETO / L,Variant option dummy variable
variant_other_tamanho:PRETO / M,Variant option dummy variable
variant_other_tamanho:PRETO / S,Variant option dummy variable
variant_other_tamanho:ROSA / L,Variant option dummy variable
variant_other_tamanho:ROSA / M,Variant option dummy variable
variant_other_tamanho:ROSA / S,Variant option dummy variable
variant_other_tamanho:S,Variant option dummy variable
variant_other_tamanho:S/M,Variant option dummy variable
variant_other_tamanho:XL,Variant option dummy variable
variant_other_tamanho:XS,Variant option dummy variable
variant_other_title:Default Title,Variant option dummy variable
description_100,TF-IDF from product descriptions
description_100 algod√£o,TF-IDF from product descriptions
description_105x150cm,TF-IDF from product descriptions
description_125x60cm,TF-IDF from product descriptions
description_15x15cm,TF-IDF from product descriptions
description_2020,TF-IDF from product descriptions
description_2020 cueca,TF-IDF from product descriptions
description_2020 soutien,TF-IDF from product descriptions
description_2020 tanga,TF-IDF from product descriptions
description_2022,TF-IDF from product descriptions
description_2022 23,TF-IDF from product descriptions
description_2022 len√ßo,TF-IDF from product descriptions
description_2022 satin,TF-IDF from product descriptions
description_2023,TF-IDF from product descriptions
description_2023 24,TF-IDF from product descriptions
description_2023 31,TF-IDF from product descriptions
description_2023 fato,TF-IDF from product descriptions
description_2023 mix,TF-IDF from product descriptions
description_2024,TF-IDF from product descriptions
description_2024 30,TF-IDF from product descriptions
description_2024 beach,TF-IDF from product descriptions
description_2024 biqu√≠ni,TF-IDF from product descriptions
description_2024 colec√ß√£o,TF-IDF from product descriptions
description_2024 cole√ß√£o,TF-IDF from product descriptions
description_2024 fato,TF-IDF from product descriptions
description_2024 fita,TF-IDF from product descriptions
description_2024 jumpsuit,TF-IDF from product descriptions
description_2024 kimono,TF-IDF from product descriptions
description_2024 m√°scara,TF-IDF from product descriptions
description_2024 rj,TF-IDF from product descriptions
description_2024 ss,TF-IDF from product descriptions
description_2024 triqu√≠ni,TF-IDF from product descriptions
description_2024 vestido,TF-IDF from product descriptions
description_22,TF-IDF from product descriptions
description_22 23,TF-IDF from product descriptions
description_22 el√°stico,TF-IDF from product descriptions
description_23,TF-IDF from product descriptions
description_23 24,TF-IDF from product descriptions
description_23 acess√≥rios,TF-IDF from product descriptions
description_23 cal√ßas,TF-IDF from product descriptions
description_23 crop,TF-IDF from product descriptions
description_23 desporto,TF-IDF from product descriptions
description_23 el√°stico,TF-IDF from product descriptions
description_23 hoodie,TF-IDF from product descriptions
description_23 satin,TF-IDF from product descriptions
description_23 sweatshirt,TF-IDF from product descriptions
description_24,TF-IDF from product descriptions
description_24 acess√≥rios,TF-IDF from product descriptions
description_24 activewear,TF-IDF from product descriptions
description_24 cal√ßas,TF-IDF from product descriptions
description_24 cal√ß√µes,TF-IDF from product descriptions
description_24 padel,TF-IDF from product descriptions
description_24 pijama,TF-IDF from product descriptions
description_24 robe,TF-IDF from product descriptions
description_26,TF-IDF from product descriptions
description_26 novembro,TF-IDF from product descriptions
description_30,TF-IDF from product descriptions
description_30 junho,TF-IDF from product descriptions
description_300g,TF-IDF from product descriptions
description_300g dispon√≠vel,TF-IDF from product descriptions
description_31,TF-IDF from product descriptions
description_31 mar√ßo,TF-IDF from product descriptions
description_32,TF-IDF from product descriptions
description_32 polyester,TF-IDF from product descriptions
description_40x30x18cm,TF-IDF from product descriptions
description_47x35x15,TF-IDF from product descriptions
description_47x35x15 nota,TF-IDF from product descriptions
description_64,TF-IDF from product descriptions
description_64 cupro,TF-IDF from product descriptions
description_70x70cm,TF-IDF from product descriptions
description_aberto,TF-IDF from product descriptions
description_aberto em,TF-IDF from product descriptions
description_abstrato,TF-IDF from product descriptions
description_abstrato bege,TF-IDF from product descriptions
description_abstrato lil√°s,TF-IDF from product descriptions
description_abstrato rosa,TF-IDF from product descriptions
description_acesso,TF-IDF from product descriptions
description_acesso quaisquer,TF-IDF from product descriptions
description_acess√≥rios,TF-IDF from product descriptions
description_acess√≥rios fw,TF-IDF from product descriptions
description_acess√≥rios phili,TF-IDF from product descriptions
description_acess√≥rios rj,TF-IDF from product descriptions
description_acess√≥rios summer,TF-IDF from product descriptions
description_acetinado,TF-IDF from product descriptions
description_acetinado dispon√≠vel,TF-IDF from product descriptions
description_activewear,TF-IDF from product descriptions
description_activewear collection,TF-IDF from product descriptions
description_adapt√°vel,TF-IDF from product descriptions
description_adapt√°vel ao,TF-IDF from product descriptions
description_adapt√°vel justo,TF-IDF from product descriptions
description_ajudar,TF-IDF from product descriptions
description_ajudar manter,TF-IDF from product descriptions
description_ajust√°veis,TF-IDF from product descriptions
description_ajust√°veis ao,TF-IDF from product descriptions
description_ajust√°veis aperta,TF-IDF from product descriptions
description_ajust√°vel,TF-IDF from product descriptions
description_ajust√°vel atr√°s,TF-IDF from product descriptions
description_ajust√°vel por,TF-IDF from product descriptions
description_algod√£o,TF-IDF from product descriptions
description_algod√£o 300g,TF-IDF from product descriptions
description_algod√£o org√¢nico,TF-IDF from product descriptions
description_almofadada,TF-IDF from product descriptions
description_almofadada com,TF-IDF from product descriptions
description_al√ßa,TF-IDF from product descriptions
description_al√ßa com,TF-IDF from product descriptions
description_al√ßa cruzar,TF-IDF from product descriptions
description_al√ßas,TF-IDF from product descriptions
description_al√ßas ajust√°veis,TF-IDF from product descriptions
description_al√ßas el√°sticas,TF-IDF from product descriptions
description_al√ßas regul√°veis,TF-IDF from product descriptions
description_amachucada,TF-IDF from product descriptions
description_amachucada entre,TF-IDF from product descriptions
description_amarelo,TF-IDF from product descriptions
description_amarelo com,TF-IDF from product descriptions
description_amarelo floral,TF-IDF from product descriptions
description_amarelo laranja,TF-IDF from product descriptions
description_amarelo texturado,TF-IDF from product descriptions
description_amarelo torrado,TF-IDF from product descriptions
description_amov√≠veis,TF-IDF from product descriptions
description_amov√≠veis al√ßas,TF-IDF from product descriptions
description_amov√≠veis aperta,TF-IDF from product descriptions
description_amov√≠veis duas,TF-IDF from product descriptions
description_amov√≠veis fecho,TF-IDF from product descriptions
description_amov√≠veis fitas,TF-IDF from product descriptions
description_amov√≠veis uma,TF-IDF from product descriptions
description_amov√≠vel,TF-IDF from product descriptions
description_amov√≠vel cintado,TF-IDF from product descriptions
description_animal,TF-IDF from product descriptions
description_animal contraste,TF-IDF from product descriptions
description_ao,TF-IDF from product descriptions
description_ao corpo,TF-IDF from product descriptions
description_ao mesmo,TF-IDF from product descriptions
description_aos,TF-IDF from product descriptions
description_aos ombros,TF-IDF from product descriptions
description_aparenta,TF-IDF from product descriptions
description_aparenta um,TF-IDF from product descriptions
description_aperta,TF-IDF from product descriptions
description_aperta com,TF-IDF from product descriptions
description_aperta nas,TF-IDF from product descriptions
description_apertar,TF-IDF from product descriptions
description_apertar dispon√≠vel,TF-IDF from product descriptions
description_apertar nas,TF-IDF from product descriptions
description_aproveitamento,TF-IDF from product descriptions
description_aproveitamento mat√©rias,TF-IDF from product descriptions
description_aro modelo,TF-IDF from product descriptions
description_assim,TF-IDF from product descriptions
description_assim um,TF-IDF from product descriptions
description_atilho,TF-IDF from product descriptions
description_atilho cintado,TF-IDF from product descriptions
description_atrav√©s,TF-IDF from product descriptions
description_atrav√©s la√ßo,TF-IDF from product descriptions
description_aut√≥nomos,TF-IDF from product descriptions
description_aut√≥nomos para,TF-IDF from product descriptions
description_azul,TF-IDF from product descriptions
description_azul com,TF-IDF from product descriptions
description_bag,TF-IDF from product descriptions
description_bag missus,TF-IDF from product descriptions
description_baixo,TF-IDF from product descriptions
description_baixo com,TF-IDF from product descriptions
description_baixo em,TF-IDF from product descriptions
description_baixo est√°,TF-IDF from product descriptions
description_banda,TF-IDF from product descriptions
description_banda el√°stica,TF-IDF from product descriptions
description_banho,TF-IDF from product descriptions
description_banho com,TF-IDF from product descriptions
description_banho texturado,TF-IDF from product descriptions
description_bege,TF-IDF from product descriptions
description_bem,TF-IDF from product descriptions
description_bem estender,TF-IDF from product descriptions
description_biqu√≠ni,TF-IDF from product descriptions
description_biqu√≠ni abstrato,TF-IDF from product descriptions
description_biqu√≠ni amarelo,TF-IDF from product descriptions
description_biqu√≠ni azul,TF-IDF from product descriptions
description_biqu√≠ni bordado,TF-IDF from product descriptions
description_biqu√≠ni branco,TF-IDF from product descriptions
description_biqu√≠ni com,TF-IDF from product descriptions
description_biqu√≠ni coral,TF-IDF from product descriptions
description_biqu√≠ni floral,TF-IDF from product descriptions
description_biqu√≠ni lil√°s,TF-IDF from product descriptions
description_biqu√≠ni padr√£o,TF-IDF from product descriptions
description_biqu√≠ni preto,TF-IDF from product descriptions
description_biqu√≠ni p√©rola,TF-IDF from product descriptions
description_biqu√≠ni rosa,TF-IDF from product descriptions
description_biqu√≠ni texturado,TF-IDF from product descriptions
description_biqu√≠ni verde,TF-IDF from product descriptions
description_bolas,TF-IDF from product descriptions
description_bolas t√©nis,TF-IDF from product descriptions
description_bolso,TF-IDF from product descriptions
description_bolso interior,TF-IDF from product descriptions
description_bordado,TF-IDF from product descriptions
description_bordado ingl√™s,TF-IDF from product descriptions
description_bordeaux,TF-IDF from product descriptions
description_bordeaux com,TF-IDF from product descriptions
description_branco,TF-IDF from product descriptions
description_branco com,TF-IDF from product descriptions
description_branco copas,TF-IDF from product descriptions
description_branco tem,TF-IDF from product descriptions
description_branco texturado,TF-IDF from product descriptions
description_brasileiro,TF-IDF from product descriptions
description_brasileiro cintura,TF-IDF from product descriptions
description_brilho,TF-IDF from product descriptions
description_brilho com,TF-IDF from product descriptions
description_cabelo,TF-IDF from product descriptions
description_cabelo dispon√≠vel,TF-IDF from product descriptions
description_cabelo larga,TF-IDF from product descriptions
description_cal√ßas,TF-IDF from product descriptions
description_cal√ßas cintura,TF-IDF from product descriptions
description_cal√ßas corte,TF-IDF from product descriptions
description_cal√ßas perfuradas,TF-IDF from product descriptions
description_cal√ß√£o,TF-IDF from product descriptions
description_cal√ß√£o soft,TF-IDF from product descriptions
description_cal√ß√µes,TF-IDF from product descriptions
description_cal√ß√µes flu√≠dos,TF-IDF from product descriptions
description_cal√ß√µes interiores,TF-IDF from product descriptions
description_cal√ß√µes justos,TF-IDF from product descriptions
description_cal√ß√µes malha,TF-IDF from product descriptions
description_campanha,TF-IDF from product descriptions
description_campanha vs,TF-IDF from product descriptions
description_capuz,TF-IDF from product descriptions
description_capuz banda,TF-IDF from product descriptions
description_cavada,TF-IDF from product descriptions
description_cavada dispon√≠vel,TF-IDF from product descriptions
description_cetim,TF-IDF from product descriptions
description_cetim com,TF-IDF from product descriptions
description_cetim renda,TF-IDF from product descriptions
description_cetim tule,TF-IDF from product descriptions
description_christmas,TF-IDF from product descriptions
description_christmas collection,TF-IDF from product descriptions
description_cintado,TF-IDF from product descriptions
description_cintado ajust√°vel,TF-IDF from product descriptions
description_cinto com,TF-IDF from product descriptions
description_cintura,TF-IDF from product descriptions
description_cintura dispon√≠vel,TF-IDF from product descriptions
description_cintura m√©diaentrepernas,TF-IDF from product descriptions
description_cintura racha,TF-IDF from product descriptions
description_cintura subida,TF-IDF from product descriptions
description_claro,TF-IDF from product descriptions
description_claro com,TF-IDF from product descriptions
description_claro modelo,TF-IDF from product descriptions
description_cl√°ssico,TF-IDF from product descriptions
description_cl√°ssico com,TF-IDF from product descriptions
description_cold,TF-IDF from product descriptions
description_cold hand,TF-IDF from product descriptions
description_colec√ß√£o,TF-IDF from product descriptions
description_colec√ß√£o lingerie,TF-IDF from product descriptions
description_colec√ß√£o sleepwear,TF-IDF from product descriptions
description_colete,TF-IDF from product descriptions
description_colete aberto,TF-IDF from product descriptions
description_cole√ß√£o,TF-IDF from product descriptions
description_cole√ß√£o acess√≥rios,TF-IDF from product descriptions
description_cole√ß√£o easywear,TF-IDF from product descriptions
description_cole√ß√£o fall,TF-IDF from product descriptions
description_cole√ß√£o sleepwear,TF-IDF from product descriptions
description_cole√ß√£o spring,TF-IDF from product descriptions
description_cole√ß√µes,TF-IDF from product descriptions
description_cole√ß√µes passadas,TF-IDF from product descriptions
description_collection,TF-IDF from product descriptions
description_collection desporto,TF-IDF from product descriptions
description_collection leggings,TF-IDF from product descriptions
description_collection len√ßo,TF-IDF from product descriptions
description_collection mix,TF-IDF from product descriptions
description_collection mixed,TF-IDF from product descriptions
description_collection modelo,TF-IDF from product descriptions
description_collection par√©o,TF-IDF from product descriptions
description_collection saia,TF-IDF from product descriptions
description_collection tote,TF-IDF from product descriptions
description_collection vestido,TF-IDF from product descriptions
description_com,TF-IDF from product descriptions
description_com al√ßas,TF-IDF from product descriptions
description_com aproveitamento,TF-IDF from product descriptions
description_com aro,TF-IDF from product descriptions
description_com atilho,TF-IDF from product descriptions
description_com bolso,TF-IDF from product descriptions
description_com brilho,TF-IDF from product descriptions
description_com capuz,TF-IDF from product descriptions
description_com cetim,TF-IDF from product descriptions
description_com cinto,TF-IDF from product descriptions
description_com contraste,TF-IDF from product descriptions
description_com copa,TF-IDF from product descriptions
description_com copas,TF-IDF from product descriptions
description_com costura,TF-IDF from product descriptions
description_com el√°stico,TF-IDF from product descriptions
description_com fecho,TF-IDF from product descriptions
description_com folho,TF-IDF from product descriptions
description_com laterais,TF-IDF from product descriptions
description_com la√ßo,TF-IDF from product descriptions
description_com la√ßos,TF-IDF from product descriptions
description_com n√≥,TF-IDF from product descriptions
description_com padr√£o,TF-IDF from product descriptions
description_com possibilidade,TF-IDF from product descriptions
description_com renda,TF-IDF from product descriptions
description_com traseira,TF-IDF from product descriptions
description_com um,TF-IDF from product descriptions
description_comprido,TF-IDF from product descriptions
description_comprido com,TF-IDF from product descriptions
description_comprido decote,TF-IDF from product descriptions
description_comprido verde,TF-IDF from product descriptions
description_confere,TF-IDF from product descriptions
description_confere conforto,TF-IDF from product descriptions
description_confian√ßa,TF-IDF from product descriptions
description_confian√ßa elevados,TF-IDF from product descriptions
description_conforto,TF-IDF from product descriptions
description_conforto confian√ßa,TF-IDF from product descriptions
description_conforto para,TF-IDF from product descriptions
description_contraste,TF-IDF from product descriptions
description_contraste amarelo,TF-IDF from product descriptions
description_contraste bege,TF-IDF from product descriptions
description_contraste bordeaux,TF-IDF from product descriptions
description_contraste branco,TF-IDF from product descriptions
description_contraste cru,TF-IDF from product descriptions
description_contraste em,TF-IDF from product descriptions
description_contraste laranja,TF-IDF from product descriptions
description_contraste preto,TF-IDF from product descriptions
description_contraste rosa,TF-IDF from product descriptions
description_contraste roxo,TF-IDF from product descriptions
description_contraste verde,TF-IDF from product descriptions
description_copa,TF-IDF from product descriptions
description_copa amov√≠vel,TF-IDF from product descriptions
description_copa modelo,TF-IDF from product descriptions
description_copas,TF-IDF from product descriptions
description_copas amov√≠veis,TF-IDF from product descriptions
description_copas fixas,TF-IDF from product descriptions
description_cor,TF-IDF from product descriptions
description_cor blush,TF-IDF from product descriptions
description_cor difere,TF-IDF from product descriptions
description_cor lavanda,TF-IDF from product descriptions
description_cor tijolo,TF-IDF from product descriptions
description_coral,TF-IDF from product descriptions
description_coral com,TF-IDF from product descriptions
description_cores,TF-IDF from product descriptions
description_cores 15x15cm,TF-IDF from product descriptions
description_cores fluorescentes,TF-IDF from product descriptions
description_cores modelo,TF-IDF from product descriptions
description_corpo,TF-IDF from product descriptions
description_corpo dispon√≠vel,TF-IDF from product descriptions
description_corte,TF-IDF from product descriptions
description_corte brasileiro,TF-IDF from product descriptions
description_corte cl√°ssico,TF-IDF from product descriptions
description_costas,TF-IDF from product descriptions
description_costas adapt√°vel,TF-IDF from product descriptions
description_costas com,TF-IDF from product descriptions
description_costas dispon√≠vel,TF-IDF from product descriptions
description_costas ou,TF-IDF from product descriptions
description_costas para,TF-IDF from product descriptions
description_costas parte,TF-IDF from product descriptions
description_costura,TF-IDF from product descriptions
description_costura el√°stico,TF-IDF from product descriptions
description_crop,TF-IDF from product descriptions
description_crop com,TF-IDF from product descriptions
description_crop perfurado,TF-IDF from product descriptions
description_cru,TF-IDF from product descriptions
description_cruzada,TF-IDF from product descriptions
description_cruzada dispon√≠vel,TF-IDF from product descriptions
description_cruzar,TF-IDF from product descriptions
description_cruzar costas,TF-IDF from product descriptions
description_cueca,TF-IDF from product descriptions
description_cueca rendada,TF-IDF from product descriptions
description_cupro,TF-IDF from product descriptions
description_cupro 32,TF-IDF from product descriptions
description_curto,TF-IDF from product descriptions
description_curto estampado,TF-IDF from product descriptions
description_dar,TF-IDF from product descriptions
description_dar liberdade,TF-IDF from product descriptions
description_das,TF-IDF from product descriptions
description_das tiras,TF-IDF from product descriptions
description_data,TF-IDF from product descriptions
description_data promo√ß√£o,TF-IDF from product descriptions
description_debaixo,TF-IDF from product descriptions
description_debaixo destes,TF-IDF from product descriptions
description_debaixo dos,TF-IDF from product descriptions
description_debotar,TF-IDF from product descriptions
description_debotar na,TF-IDF from product descriptions
description_decote,TF-IDF from product descriptions
description_decote em,TF-IDF from product descriptions
description_decote redondo,TF-IDF from product descriptions
description_degrad√© rosa,TF-IDF from product descriptions
description_desenhadas,TF-IDF from product descriptions
description_desenhadas ergonomicamente,TF-IDF from product descriptions
description_desporto,TF-IDF from product descriptions
description_desporto decote,TF-IDF from product descriptions
description_desporto soft,TF-IDF from product descriptions
description_destes,TF-IDF from product descriptions
description_destes dispon√≠vel,TF-IDF from product descriptions
description_difere,TF-IDF from product descriptions
description_difere entre,TF-IDF from product descriptions
description_dimens√£o,TF-IDF from product descriptions
description_dimens√£o das,TF-IDF from product descriptions
description_dimens√µes,TF-IDF from product descriptions
description_dimens√µes 105x150cm,TF-IDF from product descriptions
description_dimens√µes 125x60cm,TF-IDF from product descriptions
description_dimens√µes 40x30x18cm,TF-IDF from product descriptions
description_dimens√µes 47x35x15,TF-IDF from product descriptions
description_dispon√≠vel,TF-IDF from product descriptions
description_dispon√≠vel em,TF-IDF from product descriptions
description_dispon√≠vel nos,TF-IDF from product descriptions
description_dobrada,TF-IDF from product descriptions
description_dobrada amachucada,TF-IDF from product descriptions
description_dois,TF-IDF from product descriptions
description_dois formatos,TF-IDF from product descriptions
description_dois tons,TF-IDF from product descriptions
description_dos,TF-IDF from product descriptions
description_dos cal√ß√µes,TF-IDF from product descriptions
description_duas,TF-IDF from product descriptions
description_duas al√ßas,TF-IDF from product descriptions
description_easywear,TF-IDF from product descriptions
description_easywear spring,TF-IDF from product descriptions
description_elastane,TF-IDF from product descriptions
description_elastane cold,TF-IDF from product descriptions
description_elevados,TF-IDF from product descriptions
description_elevados proporcionando,TF-IDF from product descriptions
description_el√°stica,TF-IDF from product descriptions
description_el√°stica na,TF-IDF from product descriptions
description_el√°sticas,TF-IDF from product descriptions
description_el√°sticas em,TF-IDF from product descriptions
description_el√°stico,TF-IDF from product descriptions
description_el√°stico adapt√°vel,TF-IDF from product descriptions
description_el√°stico branco,TF-IDF from product descriptions
description_el√°stico confere,TF-IDF from product descriptions
description_el√°stico dispon√≠vel,TF-IDF from product descriptions
description_el√°stico na,TF-IDF from product descriptions
description_el√°stico nas,TF-IDF from product descriptions
description_el√°stico nos,TF-IDF from product descriptions
description_el√°stico para,TF-IDF from product descriptions
description_el√°stico tem,TF-IDF from product descriptions
description_em,TF-IDF from product descriptions
description_em 100,TF-IDF from product descriptions
description_em algod√£o,TF-IDF from product descriptions
description_em campanha,TF-IDF from product descriptions
description_em cetim,TF-IDF from product descriptions
description_em com,TF-IDF from product descriptions
description_em cores,TF-IDF from product descriptions
description_em dois,TF-IDF from product descriptions
description_em formato,TF-IDF from product descriptions
description_em lavanda,TF-IDF from product descriptions
description_em malha,TF-IDF from product descriptions
description_em padr√£o,TF-IDF from product descriptions
description_em que,TF-IDF from product descriptions
description_em rolinho,TF-IDF from product descriptions
description_em tamanho,TF-IDF from product descriptions
description_em turco,TF-IDF from product descriptions
description_encontra,TF-IDF from product descriptions
description_encontra se,TF-IDF from product descriptions
description_entre,TF-IDF from product descriptions
description_entre produto,TF-IDF from product descriptions
description_entre si,TF-IDF from product descriptions
description_equivalente,TF-IDF from product descriptions
description_equivalente um,TF-IDF from product descriptions
description_ergonomicamente,TF-IDF from product descriptions
description_ergonomicamente para,TF-IDF from product descriptions
description_escuro,TF-IDF from product descriptions
description_escuro que,TF-IDF from product descriptions
description_esgotado,TF-IDF from product descriptions
description_esgotado cole√ß√£o,TF-IDF from product descriptions
description_estampado,TF-IDF from product descriptions
description_estampado azul,TF-IDF from product descriptions
description_estampado com,TF-IDF from product descriptions
description_estampado dispon√≠vel,TF-IDF from product descriptions
description_estender,TF-IDF from product descriptions
description_estender logo,TF-IDF from product descriptions
description_esticar,TF-IDF from product descriptions
description_esticar bem,TF-IDF from product descriptions
description_estruturada,TF-IDF from product descriptions
description_estruturada dispon√≠vel,TF-IDF from product descriptions
description_est√°,TF-IDF from product descriptions
description_est√° dispon√≠vel,TF-IDF from product descriptions
description_est√° usar,TF-IDF from product descriptions
description_est√° utilizar,TF-IDF from product descriptions
description_fabrication,TF-IDF from product descriptions
description_fabrication 64,TF-IDF from product descriptions
description_face,TF-IDF from product descriptions
description_face dimens√£o,TF-IDF from product descriptions
description_fall,TF-IDF from product descriptions
description_fall winter,TF-IDF from product descriptions
description_fato,TF-IDF from product descriptions
description_fato banho,TF-IDF from product descriptions
description_fecho,TF-IDF from product descriptions
description_fecho dispon√≠vel,TF-IDF from product descriptions
description_fecho nas,TF-IDF from product descriptions
description_feel,TF-IDF from product descriptions
description_feel fabrication,TF-IDF from product descriptions
description_ficar,TF-IDF from product descriptions
description_ficar dobrada,TF-IDF from product descriptions
description_finish,TF-IDF from product descriptions
description_finish regular,TF-IDF from product descriptions
description_fit,TF-IDF from product descriptions
description_fit soft,TF-IDF from product descriptions
description_fita,TF-IDF from product descriptions
description_fita cabelo,TF-IDF from product descriptions
description_fitas,TF-IDF from product descriptions
description_fitas para,TF-IDF from product descriptions
description_fixas,TF-IDF from product descriptions
description_fixas al√ßas,TF-IDF from product descriptions
description_floral,TF-IDF from product descriptions
description_floral com,TF-IDF from product descriptions
description_fluorescentes,TF-IDF from product descriptions
description_fluorescentes podem,TF-IDF from product descriptions
description_flu√≠dos,TF-IDF from product descriptions
description_flu√≠dos com,TF-IDF from product descriptions
description_folho,TF-IDF from product descriptions
description_folho em,TF-IDF from product descriptions
description_folho n√≥,TF-IDF from product descriptions
description_foram,TF-IDF from product descriptions
description_foram desenhadas,TF-IDF from product descriptions
description_forma,TF-IDF from product descriptions
description_forma promover,TF-IDF from product descriptions
description_formato,TF-IDF from product descriptions
description_formato corte,TF-IDF from product descriptions
description_formato regular,TF-IDF from product descriptions
description_formato tanga,TF-IDF from product descriptions
description_formatos,TF-IDF from product descriptions
description_formatos regular,TF-IDF from product descriptions
description_fotografado,TF-IDF from product descriptions
description_fotografado em,TF-IDF from product descriptions
description_fotografia,TF-IDF from product descriptions
description_fotografia produto,TF-IDF from product descriptions
description_frente,TF-IDF from product descriptions
description_frente atrav√©s,TF-IDF from product descriptions
description_frente dispon√≠vel,TF-IDF from product descriptions
description_frente mediante,TF-IDF from product descriptions
description_frente modelo,TF-IDF from product descriptions
description_fw,TF-IDF from product descriptions
description_fw 22,TF-IDF from product descriptions
description_fw 23,TF-IDF from product descriptions
description_f√°cil,TF-IDF from product descriptions
description_f√°cil acesso,TF-IDF from product descriptions
description_gola,TF-IDF from product descriptions
description_gola redonda,TF-IDF from product descriptions
description_grrege,TF-IDF from product descriptions
description_guardadas,TF-IDF from product descriptions
description_guardadas debaixo,TF-IDF from product descriptions
description_guardadas por,TF-IDF from product descriptions
description_guiar,TF-IDF from product descriptions
description_guiar se,TF-IDF from product descriptions
description_hand,TF-IDF from product descriptions
description_hand wash,TF-IDF from product descriptions
description_hoodie,TF-IDF from product descriptions
description_hoodie com,TF-IDF from product descriptions
description_imagem,TF-IDF from product descriptions
description_imagem encontra,TF-IDF from product descriptions
description_imagem produto,TF-IDF from product descriptions
description_ingl√™s,TF-IDF from product descriptions
description_ingl√™s azul,TF-IDF from product descriptions
description_ingl√™s lavanda,TF-IDF from product descriptions
description_ingl√™s rosa,TF-IDF from product descriptions
description_inside,TF-IDF from product descriptions
description_inside separately,TF-IDF from product descriptions
description_integra,TF-IDF from product descriptions
description_integra vestido,TF-IDF from product descriptions
description_interior,TF-IDF from product descriptions
description_interior ajust√°veis,TF-IDF from product descriptions
description_interiores,TF-IDF from product descriptions
description_interiores dispon√≠vel,TF-IDF from product descriptions
description_jogar,TF-IDF from product descriptions
description_jogar seu,TF-IDF from product descriptions
description_jumpsuit,TF-IDF from product descriptions
description_jumpsuit longo,TF-IDF from product descriptions
description_junho,TF-IDF from product descriptions
description_junho 2024,TF-IDF from product descriptions
description_justo,TF-IDF from product descriptions
description_justo ao,TF-IDF from product descriptions
description_justo el√°stico,TF-IDF from product descriptions
description_justos,TF-IDF from product descriptions
description_justos aut√≥nomos,TF-IDF from product descriptions
description_kimono,TF-IDF from product descriptions
description_kimono comprido,TF-IDF from product descriptions
description_kimono preto,TF-IDF from product descriptions
description_laranja,TF-IDF from product descriptions
description_laranja com,TF-IDF from product descriptions
description_laranja fluor,TF-IDF from product descriptions
description_laranja fluorescente,TF-IDF from product descriptions
description_larga,TF-IDF from product descriptions
description_larga cruzada,TF-IDF from product descriptions
description_laterais,TF-IDF from product descriptions
description_laterais regul√°veis,TF-IDF from product descriptions
description_lateral,TF-IDF from product descriptions
description_lateral dispon√≠vel,TF-IDF from product descriptions
description_lateral modelo,TF-IDF from product descriptions
description_lavanda,TF-IDF from product descriptions
description_lavanda com,TF-IDF from product descriptions
description_lavanda tem,TF-IDF from product descriptions
description_lavar,TF-IDF from product descriptions
description_lavar m√£o,TF-IDF from product descriptions
description_la√ßo,TF-IDF from product descriptions
description_la√ßo dispon√≠vel,TF-IDF from product descriptions
description_la√ßo frente,TF-IDF from product descriptions
description_la√ßo nas,TF-IDF from product descriptions
description_la√ßo parte,TF-IDF from product descriptions
description_la√ßos,TF-IDF from product descriptions
description_la√ßos dispon√≠vel,TF-IDF from product descriptions
description_leggings,TF-IDF from product descriptions
description_leggings desporto,TF-IDF from product descriptions
description_len√ßo,TF-IDF from product descriptions
description_len√ßo acetinado,TF-IDF from product descriptions
description_leopardo,TF-IDF from product descriptions
description_leopardo com,TF-IDF from product descriptions
description_leve,TF-IDF from product descriptions
description_leve el√°stico,TF-IDF from product descriptions
description_liberdade,TF-IDF from product descriptions
description_liberdade movimentos,TF-IDF from product descriptions
description_lil√°s,TF-IDF from product descriptions
description_lil√°s azul,TF-IDF from product descriptions
description_lil√°s com,TF-IDF from product descriptions
description_lil√°s texturado,TF-IDF from product descriptions
description_lingerie,TF-IDF from product descriptions
description_lingerie sleepwear,TF-IDF from product descriptions
description_liso,TF-IDF from product descriptions
description_liso com,TF-IDF from product descriptions
description_listado,TF-IDF from product descriptions
description_listado tem,TF-IDF from product descriptions
description_listado texturado,TF-IDF from product descriptions
description_logo,TF-IDF from product descriptions
description_logo seguida,TF-IDF from product descriptions
description_longo,TF-IDF from product descriptions
description_longo cintado,TF-IDF from product descriptions
description_longo estampado,TF-IDF from product descriptions
description_longo flu√≠do,TF-IDF from product descriptions
description_loop,TF-IDF from product descriptions
description_loop aperta,TF-IDF from product descriptions
description_luxuriously,TF-IDF from product descriptions
description_luxuriously soft,TF-IDF from product descriptions
description_mais,TF-IDF from product descriptions
description_mais cavada,TF-IDF from product descriptions
description_mais escuro,TF-IDF from product descriptions
description_malha,TF-IDF from product descriptions
description_malha com,TF-IDF from product descriptions
description_malha estruturada,TF-IDF from product descriptions
description_mangas,TF-IDF from product descriptions
description_mangas cintura,TF-IDF from product descriptions
description_manter,TF-IDF from product descriptions
description_manter os,TF-IDF from product descriptions
description_marcar,TF-IDF from product descriptions
description_marcar cintura,TF-IDF from product descriptions
description_marinho,TF-IDF from product descriptions
description_marinho com,TF-IDF from product descriptions
description_mar√ßo,TF-IDF from product descriptions
description_mar√ßo 2024,TF-IDF from product descriptions
description_match,TF-IDF from product descriptions
description_match cal√ßas,TF-IDF from product descriptions
description_match cal√ß√µes,TF-IDF from product descriptions
description_match colete,TF-IDF from product descriptions
description_match crop,TF-IDF from product descriptions
description_match saia,TF-IDF from product descriptions
description_matched,TF-IDF from product descriptions
description_matched products,TF-IDF from product descriptions
description_mat√©rias,TF-IDF from product descriptions
description_mat√©rias primas,TF-IDF from product descriptions
description_mediante,TF-IDF from product descriptions
description_mediante prefer√™ncia,TF-IDF from product descriptions
description_melhor,TF-IDF from product descriptions
description_melhor ao,TF-IDF from product descriptions
description_mesmo,TF-IDF from product descriptions
description_mesmo tempo,TF-IDF from product descriptions
description_missus,TF-IDF from product descriptions
description_missus em,TF-IDF from product descriptions
description_mix,TF-IDF from product descriptions
description_mix match,TF-IDF from product descriptions
description_mixed,TF-IDF from product descriptions
description_mixed matched,TF-IDF from product descriptions
description_modelo,TF-IDF from product descriptions
description_modelo est√°,TF-IDF from product descriptions
description_movimentos,TF-IDF from product descriptions
description_movimentos aos,TF-IDF from product descriptions
description_m√°quina,TF-IDF from product descriptions
description_m√°quina nomeadamente,TF-IDF from product descriptions
description_m√°scara,TF-IDF from product descriptions
description_m√°scara seda,TF-IDF from product descriptions
description_m√£o,TF-IDF from product descriptions
description_m√£o esticar,TF-IDF from product descriptions
description_m√©diaentrepernas,TF-IDF from product descriptions
description_m√©diaentrepernas em,TF-IDF from product descriptions
description_na,TF-IDF from product descriptions
description_na cintura,TF-IDF from product descriptions
description_na cor,TF-IDF from product descriptions
description_na frente,TF-IDF from product descriptions
description_na lateral,TF-IDF from product descriptions
description_na m√°quina,TF-IDF from product descriptions
description_nas,TF-IDF from product descriptions
description_nas costas,TF-IDF from product descriptions
description_nomeadamente,TF-IDF from product descriptions
description_nomeadamente se,TF-IDF from product descriptions
description_nos,TF-IDF from product descriptions
description_nos ombros,TF-IDF from product descriptions
description_nos tamanhos,TF-IDF from product descriptions
description_nota,TF-IDF from product descriptions
description_nota cor,TF-IDF from product descriptions
description_nota lavar,TF-IDF from product descriptions
description_n√≠veis,TF-IDF from product descriptions
description_n√≠veis conforto,TF-IDF from product descriptions
description_n√≥,TF-IDF from product descriptions
description_n√≥ na,TF-IDF from product descriptions
description_ombros,TF-IDF from product descriptions
description_ombros cintura,TF-IDF from product descriptions
description_ombros uma,TF-IDF from product descriptions
description_org√¢nico,TF-IDF from product descriptions
description_org√¢nico com,TF-IDF from product descriptions
description_original,TF-IDF from product descriptions
description_original guiar,TF-IDF from product descriptions
description_os,TF-IDF from product descriptions
description_os n√≠veis,TF-IDF from product descriptions
description_ou,TF-IDF from product descriptions
description_ou frente,TF-IDF from product descriptions
description_ou na,TF-IDF from product descriptions
description_ou pesco√ßo,TF-IDF from product descriptions
description_padel,TF-IDF from product descriptions
description_padel collection,TF-IDF from product descriptions
description_padr√£o,TF-IDF from product descriptions
description_padr√£o folhagens,TF-IDF from product descriptions
description_padr√£o leopardo,TF-IDF from product descriptions
description_padr√£o rosa,TF-IDF from product descriptions
description_pajama,TF-IDF from product descriptions
description_pajama mixed,TF-IDF from product descriptions
description_pajama shirt,TF-IDF from product descriptions
description_par,TF-IDF from product descriptions
description_par cal√ß√µes,TF-IDF from product descriptions
description_para,TF-IDF from product descriptions
description_para ajudar,TF-IDF from product descriptions
description_para apertar,TF-IDF from product descriptions
description_para dar,TF-IDF from product descriptions
description_para jogar,TF-IDF from product descriptions
description_para marcar,TF-IDF from product descriptions
description_para prender,TF-IDF from product descriptions
description_parte,TF-IDF from product descriptions
description_parte baixo,TF-IDF from product descriptions
description_par√©o,TF-IDF from product descriptions
description_par√©o curto,TF-IDF from product descriptions
description_par√©o longo,TF-IDF from product descriptions
description_passadas,TF-IDF from product descriptions
description_passadas forma,TF-IDF from product descriptions
description_pela,TF-IDF from product descriptions
description_pela fotografia,TF-IDF from product descriptions
description_perfuradas,TF-IDF from product descriptions
description_perfuradas com,TF-IDF from product descriptions
description_perfurado,TF-IDF from product descriptions
description_perfurado com,TF-IDF from product descriptions
description_pesco√ßo,TF-IDF from product descriptions
description_pesco√ßo dispon√≠vel,TF-IDF from product descriptions
description_phili,TF-IDF from product descriptions
description_phili collection,TF-IDF from product descriptions
description_pijama,TF-IDF from product descriptions
description_pijama verde,TF-IDF from product descriptions
description_podem,TF-IDF from product descriptions
description_podem debotar,TF-IDF from product descriptions
description_polyester,TF-IDF from product descriptions
description_polyester elastane,TF-IDF from product descriptions
description_por,TF-IDF from product descriptions
description_por debaixo,TF-IDF from product descriptions
description_por la√ßo,TF-IDF from product descriptions
description_por la√ßos,TF-IDF from product descriptions
description_portugal,TF-IDF from product descriptions
description_possibilidade,TF-IDF from product descriptions
description_possibilidade apertar,TF-IDF from product descriptions
description_prefer√™ncia,TF-IDF from product descriptions
description_prefer√™ncia face,TF-IDF from product descriptions
description_prender,TF-IDF from product descriptions
description_prender cabelo,TF-IDF from product descriptions
description_preto,TF-IDF from product descriptions
description_preto liso,TF-IDF from product descriptions
description_preto texturado,TF-IDF from product descriptions
description_primas,TF-IDF from product descriptions
description_primas cole√ß√µes,TF-IDF from product descriptions
description_products,TF-IDF from product descriptions
description_products sleepwear,TF-IDF from product descriptions
description_produto,TF-IDF from product descriptions
description_produto fotografado,TF-IDF from product descriptions
description_produto original,TF-IDF from product descriptions
description_promover,TF-IDF from product descriptions
description_promover sustentabilidade,TF-IDF from product descriptions
description_promo√ß√£o,TF-IDF from product descriptions
description_promo√ß√£o 31,TF-IDF from product descriptions
description_proporciona,TF-IDF from product descriptions
description_proporciona f√°cil,TF-IDF from product descriptions
description_proporcionando,TF-IDF from product descriptions
description_proporcionando assim,TF-IDF from product descriptions
description_p√©rola,TF-IDF from product descriptions
description_p√©rola com,TF-IDF from product descriptions
description_quaisquer,TF-IDF from product descriptions
description_quaisquer bolas,TF-IDF from product descriptions
description_que,TF-IDF from product descriptions
description_que foram,TF-IDF from product descriptions
description_que integra,TF-IDF from product descriptions
description_que proporciona,TF-IDF from product descriptions
description_racha,TF-IDF from product descriptions
description_racha lateral,TF-IDF from product descriptions
description_redonda,TF-IDF from product descriptions
description_redonda com,TF-IDF from product descriptions
description_redondo,TF-IDF from product descriptions
description_redondo com,TF-IDF from product descriptions
description_regular,TF-IDF from product descriptions
description_regular ajust√°vel,TF-IDF from product descriptions
description_regular com,TF-IDF from product descriptions
description_regular dispon√≠vel,TF-IDF from product descriptions
description_regular fit,TF-IDF from product descriptions
description_regular tanga,TF-IDF from product descriptions
description_regul√°veis,TF-IDF from product descriptions
description_regul√°veis aperta,TF-IDF from product descriptions
description_regul√°veis com,TF-IDF from product descriptions
description_regul√°veis cruzar,TF-IDF from product descriptions
description_regul√°veis dispon√≠vel,TF-IDF from product descriptions
description_regul√°veis fecho,TF-IDF from product descriptions
description_regul√°veis loop,TF-IDF from product descriptions
description_renda,TF-IDF from product descriptions
description_renda na,TF-IDF from product descriptions
description_renda rosa,TF-IDF from product descriptions
description_rendada,TF-IDF from product descriptions
description_rendada em,TF-IDF from product descriptions
description_rendada modelo,TF-IDF from product descriptions
description_rendado,TF-IDF from product descriptions
description_rendado sem,TF-IDF from product descriptions
description_rj,TF-IDF from product descriptions
description_rj collection,TF-IDF from product descriptions
description_robe,TF-IDF from product descriptions
description_robe mixed,TF-IDF from product descriptions
description_rodada,TF-IDF from product descriptions
description_rodada que,TF-IDF from product descriptions
description_rolinho,TF-IDF from product descriptions
description_rolinho com,TF-IDF from product descriptions
description_rosa,TF-IDF from product descriptions
description_rosa claro,TF-IDF from product descriptions
description_rosa com,TF-IDF from product descriptions
description_rosa texturado,TF-IDF from product descriptions
description_saia,TF-IDF from product descriptions
description_saia cal√ß√£o,TF-IDF from product descriptions
description_saia com,TF-IDF from product descriptions
description_saia rodada,TF-IDF from product descriptions
description_satin,TF-IDF from product descriptions
description_satin pajama,TF-IDF from product descriptions
description_satin robe,TF-IDF from product descriptions
description_se,TF-IDF from product descriptions
description_se pela,TF-IDF from product descriptions
description_se tote,TF-IDF from product descriptions
description_seco,TF-IDF from product descriptions
description_seco com,TF-IDF from product descriptions
description_seco em,TF-IDF from product descriptions
description_seda,TF-IDF from product descriptions
description_seda almofadada,TF-IDF from product descriptions
description_seguida,TF-IDF from product descriptions
description_seguida cores,TF-IDF from product descriptions
description_sem,TF-IDF from product descriptions
description_sem copa,TF-IDF from product descriptions
description_separately,TF-IDF from product descriptions
description_separately portugal,TF-IDF from product descriptions
description_seu,TF-IDF from product descriptions
description_seu melhor,TF-IDF from product descriptions
description_shirt,TF-IDF from product descriptions
description_shirt christmas,TF-IDF from product descriptions
description_shorts,TF-IDF from product descriptions
description_shorts mixed,TF-IDF from product descriptions
description_si,TF-IDF from product descriptions
description_sleepwear,TF-IDF from product descriptions
description_sleepwear collection,TF-IDF from product descriptions
description_sleepwear fall,TF-IDF from product descriptions
description_sleepwear fw,TF-IDF from product descriptions
description_sleepwear modelo,TF-IDF from product descriptions
description_sleepwear winter,TF-IDF from product descriptions
description_soft,TF-IDF from product descriptions
description_soft feel,TF-IDF from product descriptions
description_soft finish,TF-IDF from product descriptions
description_soft touch,TF-IDF from product descriptions
description_soutien,TF-IDF from product descriptions
description_soutien cetim,TF-IDF from product descriptions
description_soutien rendado,TF-IDF from product descriptions
description_spring,TF-IDF from product descriptions
description_spring summer,TF-IDF from product descriptions
description_ss,TF-IDF from product descriptions
description_ss 23,TF-IDF from product descriptions
description_ss 24,TF-IDF from product descriptions
description_subida,TF-IDF from product descriptions
description_subida em,TF-IDF from product descriptions
description_summer,TF-IDF from product descriptions
description_summer 2022,TF-IDF from product descriptions
description_summer 2023,TF-IDF from product descriptions
description_summer 2024,TF-IDF from product descriptions
description_sustentabilidade,TF-IDF from product descriptions
description_sustentabilidade com,TF-IDF from product descriptions
description_sweatshirt,TF-IDF from product descriptions
description_sweatshirt em,TF-IDF from product descriptions
description_sweatshirt gola,TF-IDF from product descriptions
description_tamanho,TF-IDF from product descriptions
description_tamanho biqu√≠ni,TF-IDF from product descriptions
description_tamanho equivalente,TF-IDF from product descriptions
description_tamanho luxuriously,TF-IDF from product descriptions
description_tamanho modelo,TF-IDF from product descriptions
description_tamanho nota,TF-IDF from product descriptions
description_tamanho soft,TF-IDF from product descriptions
description_tamanho veste,TF-IDF from product descriptions
description_tamanho xs,TF-IDF from product descriptions
description_tamanho √∫nico,TF-IDF from product descriptions
description_tamanhos,TF-IDF from product descriptions
description_tamanhos modelo,TF-IDF from product descriptions
description_tamanhos xl,TF-IDF from product descriptions
description_tamanhos xs,TF-IDF from product descriptions
description_tanga,TF-IDF from product descriptions
description_tanga cetim,TF-IDF from product descriptions
description_tanga cintura,TF-IDF from product descriptions
description_tanga dispon√≠vel,TF-IDF from product descriptions
description_tanga em,TF-IDF from product descriptions
description_tecido,TF-IDF from product descriptions
description_tecido justo,TF-IDF from product descriptions
description_tecido leve,TF-IDF from product descriptions
description_tem,TF-IDF from product descriptions
description_tem al√ßas,TF-IDF from product descriptions
description_tem copas,TF-IDF from product descriptions
description_tem verificar,TF-IDF from product descriptions
description_tempo,TF-IDF from product descriptions
description_tempo que,TF-IDF from product descriptions
description_terracota,TF-IDF from product descriptions
description_terracota texturado,TF-IDF from product descriptions
description_texturado,TF-IDF from product descriptions
description_texturado com,TF-IDF from product descriptions
description_texturado lavanda,TF-IDF from product descriptions
description_texturado na,TF-IDF from product descriptions
description_texturado preto,TF-IDF from product descriptions
description_texturado tem,TF-IDF from product descriptions
description_texturado verde,TF-IDF from product descriptions
description_tijolo,TF-IDF from product descriptions
description_tijolo com,TF-IDF from product descriptions
description_tiras,TF-IDF from product descriptions
description_tiras parte,TF-IDF from product descriptions
description_tom,TF-IDF from product descriptions
description_tom mais,TF-IDF from product descriptions
description_tons,TF-IDF from product descriptions
description_tons verde,TF-IDF from product descriptions
description_torrado,TF-IDF from product descriptions
description_torrado com,TF-IDF from product descriptions
description_tote,TF-IDF from product descriptions
description_tote bag,TF-IDF from product descriptions
description_tote ficar,TF-IDF from product descriptions
description_touch,TF-IDF from product descriptions
description_touch com,TF-IDF from product descriptions
description_touch comprido,TF-IDF from product descriptions
description_touch decote,TF-IDF from product descriptions
description_touch tecido,TF-IDF from product descriptions
description_touch uma,TF-IDF from product descriptions
description_traseira,TF-IDF from product descriptions
description_traseira mais,TF-IDF from product descriptions
description_triqu√≠ni,TF-IDF from product descriptions
description_triqu√≠ni branco,TF-IDF from product descriptions
description_triqu√≠ni verde,TF-IDF from product descriptions
description_tule,TF-IDF from product descriptions
description_tule com,TF-IDF from product descriptions
description_tule modelo,TF-IDF from product descriptions
description_turco,TF-IDF from product descriptions
description_turco dispon√≠vel,TF-IDF from product descriptions
description_t√©nis,TF-IDF from product descriptions
description_t√©nis guardadas,TF-IDF from product descriptions
description_um,TF-IDF from product descriptions
description_um f√°cil,TF-IDF from product descriptions
description_um par,TF-IDF from product descriptions
description_um tom,TF-IDF from product descriptions
description_uma,TF-IDF from product descriptions
description_uma al√ßa,TF-IDF from product descriptions
description_uma saia,TF-IDF from product descriptions
description_usar,TF-IDF from product descriptions
description_usar tamanho,TF-IDF from product descriptions
description_utilizar,TF-IDF from product descriptions
description_utilizar tamanho,TF-IDF from product descriptions
description_verde,TF-IDF from product descriptions
description_verde branco,TF-IDF from product descriptions
description_verde claro,TF-IDF from product descriptions
description_verde com,TF-IDF from product descriptions
description_verde floral,TF-IDF from product descriptions
description_verde lil√°s,TF-IDF from product descriptions
description_verde listado,TF-IDF from product descriptions
description_verde marinho,TF-IDF from product descriptions
description_verde menta,TF-IDF from product descriptions
description_verde seco,TF-IDF from product descriptions
description_verde texturado,TF-IDF from product descriptions
description_verificar,TF-IDF from product descriptions
description_verificar imagem,TF-IDF from product descriptions
description_vermelho,TF-IDF from product descriptions
description_vermelho com,TF-IDF from product descriptions
description_veste,TF-IDF from product descriptions
description_veste pequeno,TF-IDF from product descriptions
description_vestido,TF-IDF from product descriptions
description_vestido cal√ß√£o,TF-IDF from product descriptions
description_vestido com,TF-IDF from product descriptions
description_vestido longo,TF-IDF from product descriptions
description_vichy,TF-IDF from product descriptions
description_vichy estampado,TF-IDF from product descriptions
description_vs,TF-IDF from product descriptions
description_vs produto,TF-IDF from product descriptions
description_wash,TF-IDF from product descriptions
description_wash inside,TF-IDF from product descriptions
description_winter,TF-IDF from product descriptions
description_winter 2020,TF-IDF from product descriptions
description_winter 2022,TF-IDF from product descriptions
description_winter 2023,TF-IDF from product descriptions
description_winter 22,TF-IDF from product descriptions
description_winter 23,TF-IDF from product descriptions
description_xl,TF-IDF from product descriptions
description_xl modelo,TF-IDF from product descriptions
description_xs,TF-IDF from product descriptions
description_xs modelo,TF-IDF from product descriptions
description_xs xl,TF-IDF from product descriptions
description_√∫nico,TF-IDF from product descriptions
description_√∫nico 70x70cm,TF-IDF from product descriptions
description_√∫nico cores,TF-IDF from product descriptions
description_√∫nico dimens√µes,TF-IDF from product descriptions
description_√∫nico equivalente,TF-IDF from product descriptions
description_√∫nico soft,TF-IDF from product descriptions
