product_id,product_name,checkout_count
9790002233685,BIQUÍNI HAWI S1 Top - S,4
9790003118421,BIQUÍNI HAWI S1 Cueca - S / Tanga,4
9592205541717,BIQUÍNI COPACABANA S2 Cueca - L / Tanga,4
9790002233685,BIQUÍNI HAWI S1 Top - XS,3
9592205082965,BIQUÍNI COPACABANA S2 Top - L,3
9789955735893,BIQUÍNI LANIKAI S2 Cueca - XS / Tanga,3
9789954949461,BIQUÍNI LANIKAI S2 Top - S,3
9789954949461,BIQUÍNI LANIKAI S2 Top - XS,3
9588919664981,BIQUÍNI ARPOADOR S2 Regular - XS,2
9031629898069,JUMPSUIT JAPUÍBA - VERDE MENTA,2
9588863041877,BIQUÍNI IPANEMA S2 Top - M,2
9503592612181,BIQUÍNI NITERÓI S2 Regular - S,2
9475609952597,SS'24 SCRUNCHIE | S1,2
9789938368853,BIQUÍNI MAUI S2 Top - S,2
9087349129557,TRIQUÍNI SAMBAÍBA S1 - XS,2
9789938991445,BIQUÍNI MAUI S2 Cueca - S / Tanga,2
9789954949461,BIQUÍNI LANIKAI S2 Top - M,2
9534254842197,SS'24 SCRUNCHIE | S8,2
9789955735893,BIQUÍNI LANIKAI S2 Cueca - S / Tanga,2
9789955735893,BIQUÍNI LANIKAI S2 Cueca - XS / Regular,2
9823036408149,WHITE HULA CROP TOP - S/M,2
9789936238933,BIQUÍNI MAUI S1 Top - S,2
9393033970005,SS'24 TOTE BAG MISSUS S4,2
9790002233685,BIQUÍNI HAWI S1 Top - M,2
9503591104853,BIQUÍNI NITERÓI S2 Top - S,2
9790003118421,BIQUÍNI HAWI S1 Cueca - S / Regular,2
9588860027221,BIQUÍNI IPANEMA S1 Regular - S,2
9588917207381,BIQUÍNI ARPOADOR S2 Top - XS,2
9588919664981,BIQUÍNI ARPOADOR S2 Regular - L,2
9586057576789,BIQUÍNI BENISSA S3 Top - S,1
9586058494293,BIQUÍNI BENISSA S3 Regular - S,1
9586060820821,BIQUÍNI BENISSA S5 Top - S,1
9586061607253,BIQUÍNI BENISSA S5 Regular - S,1
9588829651285,BIQUÍNI IPANEMA S1 Top - M,1
9588829651285,BIQUÍNI IPANEMA S1 Top - S,1
9588865859925,BIQUÍNI IPANEMA S2 Regular - L,1
9588865859925,BIQUÍNI IPANEMA S2 Regular - S,1
9588872413525,Biquíni Vidigal Top - M,1
9588878672213,Biquíni Vidigal Regular - XL,1
9588888273237,BIQUÍNI PORTO FRADE S1 Top - M,1
9588891287893,BIQUÍNI PORTO FRADE S1 Regular - S,1
9588917207381,BIQUÍNI ARPOADOR S2 Top - L,1
9588917207381,BIQUÍNI ARPOADOR S2 Top - XL,1
9588939194709,BIQUÍNI ARIPEBA S1 Top - M,1
9588939194709,BIQUÍNI ARIPEBA S1 Top - XS,1
9589009908053,BIQUÍNI DA BARRA S2 Top - XL,1
9592158159189,BIQUÍNI LEBLON S1 Top - L,1
9592158159189,BIQUÍNI LEBLON S1 Top - M,1
9592159666517,BIQUÍNI LEBLON S1 Cueca - L / Regular,1
9592159666517,BIQUÍNI LEBLON S1 Cueca - M / Tanga,1
9592202494293,BIQUÍNI COPACABANA S3 Top - S,1
9592202494293,BIQUÍNI COPACABANA S3 Top - XS,1
9592204591445,BIQUÍNI COPACABANA S3 Cueca - M / Regular,1
9592204591445,BIQUÍNI COPACABANA S3 Cueca - S / Tanga,1
9592205082965,BIQUÍNI COPACABANA S2 Top - M,1
9592231100757,BIQUÍNI PONTA DO SAPÊ S4 Top - L,1
9592236736853,BIQUÍNI PONTA DO SAPÊ S4 Cueca - XL / Regular,1
9592268849493,BIQUÍNI MARAMBAIA S2 Cueca - S / Tanga,1
9592271765845,BIQUÍNI MARAMBAIA S2 Top - XL,1
9617263231317,BLACK CROP TOP TRACKSUIT - S/M,1
9617267949909,WHITE CROP TOP TRACKSUIT - M/L,1
9617267949909,WHITE CROP TOP TRACKSUIT - S/M,1
9617330372949,TAUPE TRACKSUIT T-SHIRT - S/M,1
9617334829397,BLUE TRACKSUIT T-SHIRT - XS/S,1
9618033181013,BLACK TRACKSUIT CREWNECK SWEATSHIRT - S/M,1
9618038227285,BLUE TRACKSUIT CREWNECK SWEATSHIRT - M/L,1
9618038751573,GREEN TRACKSUIT CREWNECK SWEATSHIRT - S/M,1
9618042847573,BLUE TRACKSUIT STRAIGHT SWEATPANTS - XS/S,1
9618043732309,GREEN TRACKSUIT STRAIGHT SWEATPANTS - S/M,1
9618044649813,GREY TRACKSUIT HOODIE - S/M,1
9618048188757,BLACK TRACKSUIT SWEATPANTS - S/M,1
9618050089301,GREY TRACKSUIT SWEATPANTS - XS/S,1
9618050613589,TAUPE TRACKSUIT SWEATPANTS - S/M,1
9629871374677,BIQUÍNI DA BARRA S2 Cueca - XL,1
9638444663125,BUKO BEACH S1 HIGH WAIST BOTTOM - M,1
9693848240469,BIQUÍNI ARIPEBA S1 Tanga - S,1
9693848240469,BIQUÍNI ARIPEBA S1 Tanga - XS,1
9787369881941,BIQUÍNI KAILUA S2 Top - S,1
9787370373461,BIQUÍNI KAILUA S2 Cueca - XS / Tanga,1
9787383316821,BIQUÍNI KAILUA S3 Top - S,1
9787385217365,BIQUÍNI KAILUA S3 Cueca - M / Tanga,1
9787392590165,BIQUÍNI KAILUA S4 Top - M,1
9787394589013,BIQUÍNI KAILUA S4 Cueca - M / Tanga,1
9788805775701,BIQUÍNI KAUAI S1 Top - XS,1
9788807676245,BIQUÍNI KAUAI S1 Cueca - XS / Regular,1
9788874129749,BIQUÍNI OAHU S3 Top - L,1
9788874129749,BIQUÍNI OAHU S3 Top - M,1
9788875768149,BIQUÍNI OAHU S3 Cueca - M / Regular,1
9788875768149,BIQUÍNI OAHU S3 Cueca - XS / Tanga,1
9788899459413,BIQUÍNI WAIKIKI S6 Top - XS,1
9788901425493,BIQUÍNI WAIKIKI S6 Cueca - XS / Tanga,1
9788926525781,BIQUÍNI KAHALA S2 Top - L,1
9788926525781,BIQUÍNI KAHALA S2 Top - M,1
9788926525781,BIQUÍNI KAHALA S2 Top - S,1
9788969058645,BIQUÍNI KAHALA S2 Cueca - L / Regular,1
9788969058645,BIQUÍNI KAHALA S2 Cueca - S / Regular,1
9788969058645,BIQUÍNI KAHALA S2 Cueca - S / Tanga,1
9789937123669,BIQUÍNI MAUI S1 Cueca - S / Regular,1
9789937123669,BIQUÍNI MAUI S1 Cueca - S / Tanga,1
9789938368853,BIQUÍNI MAUI S2 Top - M,1
9789938991445,BIQUÍNI MAUI S2 Cueca - S / Regular,1
9789955735893,BIQUÍNI LANIKAI S2 Cueca - M / Tanga,1
9789978476885,BIQUÍNI LANI S1 Top - S,1
9789984244053,BIQUÍNI LANI S1 Cueca - S / Tanga,1
9790003118421,BIQUÍNI HAWI S1 Cueca - M / Regular,1
9790003118421,BIQUÍNI HAWI S1 Cueca - XS / Regular,1
9790003118421,BIQUÍNI HAWI S1 Cueca - XS / Tanga,1
9790004298069,BIQUÍNI HAWI S2 Top - M,1
9790004298069,BIQUÍNI HAWI S2 Top - S,1
9790004298069,BIQUÍNI HAWI S2 Top - XS,1
9790005018965,BIQUÍNI HAWI Cueca - M / Regular,1
9790005018965,BIQUÍNI HAWI Cueca - S / Tanga,1
9790005018965,BIQUÍNI HAWI Cueca - XS / Regular,1
9790006460757,BIQUÍNI HAWI S3 Top - M,1
9790007247189,BIQUÍNI HAWI S3 Cueca - M / Regular,1
9790016454997,BIQUÍNI HAWI S7 Top - M,1
9790016454997,BIQUÍNI HAWI S7 Top - S,1
9790017208661,BIQUÍNI HAWI S7 Cueca - M / Tanga,1
9790017208661,BIQUÍNI HAWI S7 Cueca - S / Tanga,1
9790024712533,TRIQUÍNI MOLOKAI S1 - S,1
9790024712533,TRIQUÍNI MOLOKAI S1 - XS,1
9822214062421,LAVENDER PALM SPRINGS CROP TOP - S/M,1
9822217634133,LAVENDER PALM SPRINGS SKIRT - S/M,1
9822237720917,WHITE HULA TROUSERS - S/M,1
7953514889443,BLACK TRACKSUIT CROP TOP - M/L,1
9833206579541,BONÉ MISSUS S24,1
7953522000099,BROWN TRACKSUIT CROP TOP - M/L,1
8986175734101,HAIR BAND FW'23/24 | GREY,1
8986176225621,HAIR BAND FW'23/24 | PINK,1
8986176684373,HAIR BAND FW'23/24 | YELLOW,1
8986189201749,HAIR BAND FW'23/24 | BROWN,1
8994389721429,VESTIDO PONTA ACAIA - CASTANHO,1
9393033281877,SS'24 TOTE BAG MISSUS S2,1
9393052844373,PARÉO TANGUÁ S8,1
9393065525589,STRAWBERRY MANDALA CROP TOP - S/M,1
9393072177493,LIGHT BLUE MANDALA CROP TOP - S/M,1
9415866450261,KIMONO ITANHANGÁ S1,1
9415950205269,USINA GILET - S/M,1
9475603464533,SS'24 SCRUNCHIE | LAVENDER,1
9475611623765,SS'24 SCRUNCHIE | S2,1
9499394310485,TRIQUÍNI GÁVEA S4 - L,1
9499394310485,TRIQUÍNI GÁVEA S4 - XS,1
9505016185173,FATO DE BANHO JOÁ S2 - XS,1
9506048999765,FATO DE BANHO JOÁ S3 - S,1
9506078720341,SAPUCAÍ CROP TOP S3 - S/M,1
9508296556885,BONÉ MISSUS S4,1
9508296982869,BONÉ MISSUS S5,1
9509608882517,BONÉ MISSUS S10,1
9534252417365,SS'24 SCRUNCHIE | S6,1
9534253564245,SS'24 SCRUNCHIE | S7,1
9534257496405,SS'24 SCRUNCHIE | S9,1
9534259396949,SS'24 SCRUNCHIE | S10,1
9534261526869,SS'24 SCRUNCHIE | S11,1
9534263820629,SS'24 SCRUNCHIE | S12,1
